{"cameraMode":{"drawMode":0,"name":"Shaded","section":"Shading Mode"},"sceneLighting":true,"audioPlay":false,"sceneViewState":{"showFog":true,"showMaterialUpdate":false,"showSkybox":true,"showFlares":true,"showImageEffects":true,"showParticleSystems":true},"in2DMode":false,"pivot":{"x":5.567998886108398,"y":-5.5383453369140629,"z":1.45485258102417},"rotation":{"x":0.2993779480457306,"y":0.5513255000114441,"z":-0.22105136513710023,"w":0.7467144131660461},"size":18.188629150390626,"orthographic":false}